Workbook

Sheet DNL Kalmar 0
A2: CÔNG TY CP LOGISTICS CẢNG ĐÀ NẴNG | D2: CỘNG HÒA XÃ HỘI CHỦ NGHĨA VIỆT NAM
A3: PHÒNG TCKT | D3: ĐỘC LẬP - TỰ DO - HẠNH PHÚC
A5: BẢNG TỔNG HỢP NHIÊN LIỆU THÁNG 8/2019
A6: Xe Kalmar 0 (làm tại DNL)
B8: Họ và tên lái xe: Nguyễn thế Vũ, Trần Công lý | D8: Biển kiểm soát:
A10: Stt | B10: Loại cont | C10: Sản lượng cont | D10: Định mức (lít/cont) | E10: Cộng (lít) | F10: Ghi chú
A11: 1 | B11: Nhiên liệu tồn đầu tháng
A12: 2 | B12: Ứng trong tháng | E12: 1400
A13: 3 | B13: Nhiên liệu Tiêu hao trong tháng | E13: =SUM(E14:E15) -> 1351.08
A14: a | B14: Hàng | C14: 43 | D14: 1.48 | E14: =C14*D14 -> 63.64
A15: b | B15: Rỗng | C15: 1064 | D15: 1.21 | E15: =C15*D15 -> 1287.44
A16: 4 | B16: Tồn cuối tháng | E16: =E11+E12-E13 -> 48.92
E17: Đà Nẵng, ngày 31/8/2019
A18: Giám đốc | C18: Đội cơ giới | D18: P.Kinh doanh | E18: Kế toán trưởng | F18: Người lập
F22: Lương Thị Thu Hồng

Sheet chi tiet xe
A1: CỘNG HOÀ XÃ HỘI CHỦ NGHĨA VIỆT NAM
A2: BẢNG KÊ CHI TIẾT XE ĐẦU KÉO VẬN CHUYỂN THÁNG 3/2023
A3: (ĐVT: chuyến )
A4: diễn giải | B4: định mức lít / chuyến | C4: Thế Anh (43C 11394) | D4: Xuân Huy (43C 22804) | E4: Hữu Ninh (43C 22738) | F4: Hà Khanh (43C 22838) | G4: Phước Tuân (43C 22818) | H4: Văn Phước (43C 22884) | I4: Viết Sáng (43C19909) | J4: Hậu (43C02852) | K4: Hồng Hiệp (43C02842) | L4: Văn Tâm (43C02837) | M4: Văn Bình (02850) | N4: Đình Phi (43C02789) | O4: Đức Tiên (43C11202) | P4: Nguyễn Hân (43C19991) | Q4: Văn minh (43C00859) | R4: Tấn Sơn (43C01190) | S4: tổng | T4: tiêu hao nhiên liệu | U4: đơn giá dầu bình quân | V4: thành tiền dầu | W4: đơn giá doanh thu/ chuyến | X4: thành tiền doanh thu | Y4: ghi chú
S5: 1 | T5: 2 | V5: 3=1x2 | W5: 4 | X5: 5=1x4
A6: Cảng Tiên sa - Lao bảo ( tinh bột sắn) | B6: =236.52 -> 236.52 | C6: 1 | S6: =SUM(C6:R6) -> 1 | T6: =S6*B6 -> 236.52 | U6: 19726 | V6: =T6*U6 -> 4665593.5 | W6: 17300000 | X6: =S6*W6 -> 17300000
A7: Tiên sa - Phú bài huế | B7: 68 | G7: 1 | S7: =SUM(C7:R7) -> 1
A8: Cảng Tiên sa - Lao bảo ( 1 chiều) | B8: 259.2 | M8: 1 | S8: =SUM(C8:R8) -> 1
A9: Cảng Tiên sa - Lao bảo ( 2 chiều) | B9: 310 | D9: 2 | F9: 6 | G9: 1 | H9: 8 | I9: 7 | J9: 8 | K9: 8 | L9: 7 | M9: 7 | N9: 9 | O9: 1 | P9: 5 | S9: =SUM(C9:R9) -> 69 | T9: =S9*B9 -> 21390 | U9: 19726 | V9: =T9*U9 -> 421939140 | W9: =777*23640 -> 18368280 | X9: =S9*W9 -> 1267411320
A10: Cảng Tiên Sa - KCN tăm thăng ( 1 chuyến/ngày) | B10: 62 | C10: 7 | E10: 11 | F10: 3 | G10: 4 | H10: 4 | J10: 2 | K10: 2 | L10: 4 | M10: 1 | N10: 2 | O10: 4 | P10: 3 | S10: =SUM(C10:R10) -> 47 | T10: =S10*B10 -> 2914 | U10: 19726 | V10: =T10*U10 -> 57481564 | W10: =2700000 -> 2700000 | X10: =S10*W10 -> 126900000
A11: Cảng Tiên Sa - KCN tăm thăng ( 2 chuyến/ngày) | B11: 124 | C11: 1 | E11: 1 | J11: 1 | M11: 2 | O11: 1 | S11: =SUM(C11:R11) -> 6 | T11: =S11*B11 -> 744 | U11: 19726 | V11: =T11*U11 -> 14676144 | W11: 2700000 | X11: =S11*2*W11 -> 32400000
A12: Cảng Chu Lai - KCN tăm thăng ( 1 chuyến/ngày) | B12: 27 | C12: 1 | E12: 3 | G12: 1 | H12: 2 | I12: 1 | O12: 1 | P12: 2 | S12: =SUM(C12:R12) -> 11 | T12: =S12*B12 -> 297 | U12: 19726 | V12: =T12*U12 -> 5858622 | W12: 1650000 | X12: =S12*W12 -> 18150000
A13: Cảng Chu Lai - KCN tăm thăng ( 2 chuyến/ngày) | B13: 50 | E13: 8 | F13: 2 | G13: 1 | I13: 2 | O13: 3 | P13: 5 | S13: =SUM(C13:R13) -> 21 | T13: =S13*B13 -> 1050 | U13: 19726 | V13: =T13*U13 -> 20712300 | W13: 1650000 | X13: =S13*2*W13 -> 69300000
A14: Cảng Chu Lai - KCN tăm thăng ( 3 chuyến/ngày) | B14: 75 | E14: 2 | F14: 1 | G14: 1 | I14: 1 | P14: 1 | S14: =SUM(C14:R14) -> 6 | T14: =S14*B14 -> 450 | U14: 19726 | V14: =T14*U14 -> 8876700 | W14: 1650000 | X14: =S14*3*W14 -> 29700000
A15: dnl - kho công nghệ cao | B15: 29 | L15: 1 | S15: =SUM(C15:R15) -> 1 | T15: =S15*B15 -> 29 | U15: 19726 | V15: =T15*U15 -> 572054 | W15: 2000000 | X15: =S15*W15 -> 2000000
A16: kho danalog - Tiên Sa ( hàng giấy xuất ) | B16: 7.5 | C16: =16+7 -> 23 | D16: 9 | E16: 1 | F16: 22 | G16: 3 | H16: 11 | J16: 17 | K16: 27 | L16: 25 | M16: 17 | O16: =11+19 -> 30 | P16: 23 | R16: 3 | S16: =SUM(C16:R16) -> 211 | T16: =S16*B16 -> 1582.5 | U16: 19726 | V16: =T16*U16 -> 31216395 | W16: 25988 | X16: =S16*20*W16 -> 109669360 | Y16: 1 cont 20 tấn
A17: kho danalog - Tiên Sa ( hàng tinh bột sẵn) | B17: 7.5 | I17: 28 | S17: =SUM(C17:R17) -> 28 | T17: =S17*B17 -> 210 | U17: 19726 | V17: =T17*U17 -> 4142460 | W17: =(3000000+2600000)/2 -> 2800000 | X17: =S17*W17 -> 78400000 | Y17: phùng gia phát
A18: Tiên sa - Danalog, ngươc lại ( cont hàng) | B18: 7.5 | C18: =5+4+11 -> 20 | D18: 5 | E18: =3+11 -> 14 | F18: =7+5 -> 12 | G18: 11 | H18: 4 | J18: 8 | K18: 8 | L18: 5 | M18: 9 | N18: 3 | O18: 3 | Q18: =44+48+12+6+21+20 -> 151 | R18: =61+72+53 -> 186 | S18: =SUM(C18:R18) -> 439 | T18: =S18*B18 -> 3292.5 | U18: 19726 | V18: =T18*U18 -> 64947855 | W18: =(1350000+1000000)/2 -> 1175000 | X18: =S18*W18 -> 515825000 | Y18: kho cfs
A19: Tiên sa - Danalog ( rỗng sang cont) | B19: 6 | C19: 8 | D19: 6 | E19: 10 | G19: 3 | J19: 1 | L19: 3 | M19: 1 | N19: 1 | Q19: 23 | R19: 29 | S19: =SUM(C19:R19) -> 85 | T19: =S19*B19 -> 510 | U19: 19726 | V19: =T19*U19 -> 10060260 | X19: =S19*W19 -> 0 | Y19: lấy cont rỗng về sang cont giấy tròn
A20: Dnl 1,3,5 - Tiên Sa, ngược lại ( cont rỗng )/ cont 40' | B20: 6 | C20: =14+13+23+21 -> 71 | F20: 10 | G20: =16+5+9+4 -> 34 | I20: 2 | J20: 3 | K20: 19 | L20: 21 | M20: 23 | N20: 10 | O20: 5 | S20: =SUM(C20:R20) -> 198 | T20: =S20*B20 -> 1188 | U20: 19726 | V20: =T20*U20 -> 23434488 | W20: 254100 | X20: =S20*W20 -> 50311800 | Y20: trung chuyển
A21: tàu - danalog ( cont rỗng ) | B21: 6 | F21: 4 | L21: =16+26 -> 42 | S21: =SUM(C21:R21) -> 46 | T21: =S21*B21 -> 276 | U21: 19726 | V21: =T21*U21 -> 5444376 | W21: 254100 | X21: =S21*W21 -> 11688600 | Y21: trung chuyển
A22: Tàu - bãi cảng tiên sa | B22: 1.4 | C22: =23+27+30+28 -> 108 | E22: =9+25+7+31+26+20 -> 118 | F22: =28+32+12 -> 72 | G22: =15+19+16+45+3 -> 98 | H22: 15 | I22: 31 | J22: 37 | K22: 12 | M22: 21 | N22: 7 | O22: 23 | P22: 5 | R22: 10 | S22: =SUM(C22:R22) -> 557 | T22: =S22*B22 -> 779.8 | U22: 19726 | V22: =T22*U22 -> 15382335 | X22: 350000000 | Y22: thuê bao xe
A23: dnl đi trả rỗng các bãi | B23: 6 | C23: 20 | D23: 7 | E23: 5 | F23: =4+5 -> 9 | G23: 10 | H23: =5+3 -> 8 | I23: 1 | J23: 16 | K23: 6 | L23: 5 | M23: 4 | N23: 5 | O23: 8 | Q23: 28 | R23: 42 | S23: =SUM(C23:R23) -> 174 | T23: =S23*B23 -> 1044 | U23: 19726 | V23: =T23*U23 -> 20593944 | W23: =95*23640 -> 2245800 | X23: =S23*W23 -> 390769200 | Y23: sang cont hàng giấy tròn qing dao
A24: trung chuyển nội bộ | B24: 2 | C24: =6+8+8+20+10+17+10+10 -> 89 | E24: 54 | F24: 33 | G24: 44 | H24: =15+7+3 -> 25 | I24: 15 | J24: =1+20 -> 21 | K24: 26 | L24: 36 | M24: 18 | N24: 8 | O24: =30 -> 30 | P24: =16+10 -> 26 | Q24: 88 | R24: 97 | S24: =SUM(C24:R24) -> 610 | T24: =S24*B24 -> 1220 | U24: 19726 | V24: =T24*U24 -> 24065720 | X24: =S24*W24 -> 0
A25: Đi xe từ DNL - Chu Lai | B25: 30 | C25: 1 | E25: 4 | F25: 1 | G25: 1 | H25: 1 | I25: 1 | O25: 1 | P25: 2 | S25: =SUM(C25:R25) -> 12 | T25: =S25*B25 -> 360 | U25: 19726 | V25: =T25*U25 -> 7101360 | X25: =S25*W25 -> 0
A26: sửa xe, đăng kiểm | B26: 10 | C26: 2 | D26: 1 | G26: 1 | I26: 2 | O26: 5 | S26: =SUM(C26:R26) -> 11 | T26: =S26*B26 -> 110 | U26: 19726 | V26: =T26*U26 -> 2169860 | X26: =S26*W26 -> 0
C27: =SUM(C6:C26) -> 352 | D27: =SUM(D5:D26) -> 30 | E27: =11+2+3+16+6+E16+E18+E19+E22+E23+E24+E25 -> 244 | F27: =6+3+4+3+F16+F18+F20+F21+F22+F23+F24+F25 -> 179 | G27: =2+4+G12+2+3+G18+G19+G20+G22+G23+G25+G26+G19+G24+G7 -> 218 | H27: =SUM(H5:H26) -> 78 | I27: =I9+I12+4+3+I17+I20+I22+I23+I24+I25+I26 -> 95 | J27: =SUM(J5:J26) -> 114 | K27: =SUM(K5:K26) -> 108 | L27: =SUM(L5:L26) -> 149 | M27: =SUM(M7:M26) -> 104 | N27: =SUM(N7:N26) -> 45 | O27: =SUM(O7:O26) -> 115 | P27: =SUM(P7:P26) -> 72 | Q27: =SUM(Q5:Q26) -> 290 | R27: =SUM(R5:R26) -> 367 | S27: =SUM(S6:S26) -> 2535 | T27: =SUM(T6:T26) -> 37683.32 | V27: =SUM(V6:V26) -> 7.4334117e+08 | X27: =SUM(X6:X26) -> 3069825280

Sheet 11202
A1: CÔNG TY CP LOGISTICS CẢNG ĐÀ NẴNG | D1: CỘNG HÒA XÃ HỘI CHỦ NGHĨA VIỆT NAM
A2: PHÒNG TCKT | D2: ĐỘC LẬP - TỰ DO - HẠNH PHÚC
B3: Tháng 3/2023
B4: Họ và tên lái xe: Nguyễn Đức Tiên | F4: Biển kiểm soát: 43C 11202 ( nhận xe ngày 27/12/2022)
A5: Stt | B5: Tuyến đường | C5: ĐVT | D5: S/L | E5: Định mức | F5: Tiêu hao | G5: Đơn giá | H5: Thành tiền | I5: ghi chú
A6: 1 | B6: Cảng Tiên sa - Lao bảo ( tinh bột sắn) | C6: chuyến | D6: ='chi tiet xe'!O6 | E6: =236.52 -> 236.52 | F6: =D6*E6 -> 0 | G6: 18454.55 | H6: =F6*G6 -> 0 | I6: hỗ trợ 15 lít/ chuyến đi cao tốc
A7: 2 | B7: Tiên sa - Phú bài huế | C7: chuyến | D7: ='chi tiet xe'!O7 | E7: 68 | F7: =D7*E7 -> 0 | G7: 18454.55 | H7: =F7*G7 -> 0 | I7: hỗ trợ 15 lít/ chuyến đi cao tốc
A8: 3 | B8: Cảng Tiên sa - Lao bảo ( 1 chiều) | C8: chuyến | D8: ='chi tiet xe'!O8 | E8: 259.2 | F8: =D8*E8 -> 0 | G8: 18454.55 | H8: =F8*G8 -> 0
A9: 1 | B9: Cảng Tiên sa - Lao bảo ( 2 chiều) | C9: chuyến | D9: ='chi tiet xe'!O9 -> 1 | E9: 310 | F9: =D9*E9+15 -> 325 | G9: 18454.55 | H9: =F9*G9 -> 5997728.8 | I9: hỗ trợ 15 lít/ chuyến đi cao tốc
A10: 2 | B10: Cảng Tiên Sa - KCN tăm thăng ( 1 chuyến/ngày) | C10: chuyến | D10: ='chi tiet xe'!O10 -> 4 | E10: 62 | F10: =D10*E10 -> 248 | G10: 18454.55 | H10: =F10*G10 -> 4576728.4
A11: 3 | B11: Cảng Tiên Sa - KCN tăm thăng ( 2 chuyến/ngày) | C11: 2 chuyến | D11: ='chi tiet xe'!O11 -> 1 | E11: 124 | F11: =D11*E11 -> 124 | G11: 18454.55 | H11: =F11*G11 -> 2288364.2
A12: 4 | B12: Cảng Chu Lai - KCN tăm thăng ( 1 chuyến/ngày) | C12: chuyến | D12: ='chi tiet xe'!O12 -> 1 | E12: 27 | F12: =D12*E12 -> 27 | G12: 18454.55 | H12: =F12*G12 -> 498272.85
A13: 5 | B13: Cảng Chu Lai - KCN tăm thăng ( 2 chuyến/ngày) | C13: 2chuyến | D13: ='chi tiet xe'!O13 -> 3 | E13: 50 | F13: =D13*E13 -> 150 | G13: 18454.55 | H13: =F13*G13 -> 2768182.5
A14: 8 | B14: Cảng Chu Lai - KCN tăm thăng ( 3 chuyến/ngày) | C14: 3 chuyến | D14: ='chi tiet xe'!O14 | E14: 75 | F14: =D14*E14 -> 0 | G14: 18454.55 | H14: =F14*G14 -> 0
A15: 9 | B15: dnl - kho công nghệ cao | C15: chuyến | D15: ='chi tiet xe'!O15 | E15: 29 | F15: =D15*E15 -> 0 | G15: 18454.55 | H15: =F15*G15 -> 0
A16: 6 | B16: kho danalog - Tiên Sa ( hàng giấy xuất ) | C16: chuyến | D16: ='chi tiet xe'!O16 -> 30 | E16: 7.5 | F16: =D16*E16 -> 225 | G16: 18454.55 | H16: =F16*G16 -> 4152273.8
A17: 6 | B17: kho danalog - Tiên Sa ( hàng tinh bột sẵn) | C17: chuyến | D17: ='chi tiet xe'!O17 | E17: 7.5 | F17: =D17*E17 -> 0 | G17: 18454.55 | H17: =F17*G17 -> 0
A18: 7 | B18: Tiên sa - Danalog, ngươc lại ( cont hàng) | C18: chuyến | D18: ='chi tiet xe'!O18 -> 3 | E18: 7.5 | F18: =D18*E18 -> 22.5 | G18: 18454.55 | H18: =F18*G18 -> 415227.38
A19: 8 | B19: Tiên sa - Danalog ( rỗng sang cont) | C19: chuyến | D19: ='chi tiet xe'!O19 | E19: 6 | F19: =D19*E19 -> 0 | G19: 18454.55 | H19: =F19*G19 -> 0
A20: 8 | B20: Dnl 1,3,5 - Tiên Sa, ngược lại ( cont rỗng )/ cont 40' | C20: chuyến | D20: ='chi tiet xe'!O20 -> 5 | E20: 6 | F20: =D20*E20 -> 30 | G20: 18454.55 | H20: =F20*G20 -> 553636.5
A21: 13 | B21: tàu - danalog ( cont rỗng ) | C21: chuyến | D21: ='chi tiet xe'!O21 | E21: 6 | F21: =D21*E21 -> 0 | G21: 18454.55 | H21: =F21*G21 -> 0
... A26: 13 | B26: sửa xe, đăng kiểm | C26: chuyến | D26: ='chi tiet xe'!O26 -> 5 | E26: 10 | F26: =D26*E26 -> 50 | G26: 18454.55 | H26: =F26*G26 -> 922727.5
B27: Số lượng tiêu hao | D27: =SUM(D6:D26) -> 115 | F27: =SUM(F6:F26) -> 1371.7 | H27: =SUM(H6:H26) -> 25314106 | I27: =SUM(I6:I15) -> 0
B28: Tồn đầu kỳ | F28: ='[1]11202'!$F$28 -> #REF!
B29: Ứng trong kỳ | F29: 1300
B30: Tồn cuối kỳ | F30: =F29+F28-F27 -> #REF!
F31: Đà Nẵng, ngày 31 tháng 3 năm 2023
B32: Giám đốc | C32: kế toán trưởng | E32: phòng kd vận tải | F32: Lái xe | H32: Người lập
I36: QT.15-BM02a-01/10/2017

Sheet 22804
A1: CÔNG TY CP LOGISTICS CẢNG ĐÀ NẴNG | D1: CỘNG HÒA XÃ HỘI CHỦ NGHĨA VIỆT NAM
A2: PHÒNG TCKT | D2: ĐỘC LẬP - TỰ DO - HẠNH PHÚC
B3: Tháng 3/2023
A4: Họ và tên lái xe: Cao Xuân Huy | E4: Biển kiểm soát: 43C 22804 ( trả xe tháng 3/2023)
A5: Stt | B5: Tuyến đường | C5: ĐVT | D5: S/L | E5: Định mức | F5: Tiêu hao | G5: Đơn giá | H5: Thành tiền | I5: Lưu đêm
A6: 1 | B6: Cảng Tiên sa - Lao bảo ( tinh bột sắn) | C6: Chuyến | D6: ='chi tiet xe'!D6 | E6: =236.52+15 -> 251.52 | F6: =D6*E6 -> 0 | G6: 20472 | H6: =F6*G6 -> 0
A7: 2 | B7: Cảng Tiên sa - Lao bảo ( 2 chiều) | C7: Chuyến | D7: ='chi tiet xe'!D9 -> 2 | E7: =310+15 -> 325 | F7: =D7*E7 -> 650 | G7: 20472 | H7: =F7*G7 -> 13306800
A8: 3 | B8: Cảng Tiên Sa - KCN tăm thăng ( 1 chuyến/ngày) | C8: Chuyến | D8: ='chi tiet xe'!D10 | E8: 62 | F8: =D8*E8 -> 0 | G8: 20472 | H8: =F8*G8 -> 0
A9: 4 | B9: Cảng Tiên Sa - KCN tăm thăng ( 2 chuyến/ngày) | C9: 2 Chuyến | D9: ='chi tiet xe'!D11 | E9: 124 | F9: =D9*E9 -> 0 | G9: 20472 | H9: =F9*G9 -> 0
A10: 6 | B10: Cảng Chu Lai - KCN tăm thăng ( 1 chuyến/ngày) | C10: chuyến | D10: ='chi tiet xe'!D12 | F10: =D10*E10 -> 0 | G10: 20472 | H10: =F10*G10 -> 0
A11: 7 | B11: Cảng Chu Lai - KCN tăm thăng ( 2 chuyến/ngày) | C11: 2 Chuyến | D11: ='chi tiet xe'!D13 | F11: =D11*E11 -> 0 | G11: 20472 | H11: =F11*G11 -> 0
A12: 8 | B12: Cảng Chu Lai - KCN tăm thăng ( 3 chuyến/ngày) | C12: 3 Chuyến | D12: ='chi tiet xe'!D14 | F12: =D12*E12 -> 0 | G12: 20472 | H12: =F12*G12 -> 0
A13: 5 | B13: kho danalog - Tiên Sa ( hàng giấy xuất ) | C13: Chuyến | D13: ='chi tiet xe'!D16 -> 9 | E13: 7.5 | F13: =D13*E13 -> 67.5 | G13: 20472 | H13: =F13*G13 -> 1381860
A14: 4 | B14: kho danalog - Tiên Sa ( hàng tinh bột sẵn) | C14: Chuyến | D14: ='chi tiet xe'!D17 | E14: 7.5 | F14: =D14*E14 -> 0 | G14: 20472 | H14: =F14*G14 -> 0
A15: 5 | B15: Tiên sa - Danalog, ngươc lại ( cont hàng) | C15: Chuyến | D15: ='chi tiet xe'!D18 -> 5 | E15: 7.5 | F15: =D15*E15 -> 37.5 | G15: 20472 | H15: =F15*G15 -> 767700
A16: 6 | B16: Tiên sa - Danalog ( rỗng sang cont) | C16: Chuyến | D16: ='chi tiet xe'!D19 -> 6 | E16: 6 | F16: =D16*E16 -> 36 | G16: 20472 | H16: =F16*G16 -> 736992
A17: 9 | B17: Dnl 1,3,5 - Tiên Sa ( cont rỗng ) | C17: Chuyến | D17: ='chi tiet xe'!D20 | E17: 6 | F17: =D17*E17 -> 0 | G17: 20472 | H17: =F17*G17 -> 0
A18: 7 | B18: Tàu - bãi cảng tiên sa | C18: Chuyến | D18: ='chi tiet xe'!D22 | E18: 1.4 | F18: =D18*E18 -> 0 | G18: 20472 | H18: =F18*G18 -> 0
A19: 8 | B19: dnl đi trả rỗng các bãi | C19: Chuyến | D19: ='chi tiet xe'!D23 -> 7 | E19: 6 | F19: =D19*E19 -> 42 | G19: 20472 | H19: =F19*G19 -> 859824
A20: 10 | B20: trung chuyển nội bộ | C20: Chuyến | D20: ='chi tiet xe'!D24 | E20: 2 | F20: =D20*E20 -> 0 | G20: 20472 | H20: =F20*G20 -> 0
A21: 13 | B21: Đi xe từ DNL - Chu Lai | C21: Chuyến | D21: ='chi tiet xe'!D25 | E21: 30 | F21: =D21*E21 -> 0 | G21: 20472 | H21: =F21*G21 -> 0
A22: 11 | B22: sửa xe, đăng kiểm | C22: Chuyến | D22: 1 | E22: 10 | F22: =D22*E22 -> 10 | G22: 20472 | H22: =F22*G22 -> 204720
B23: Số lượng tiêu hao | D23: =SUM(D6:D22) -> 30 | F23: =SUM(F6:F22) -> 843 | H23: =SUM(H6:H22) -> 17257896 | I23: =SUM(I6:I15) -> 0
B24: Tồn đầu kỳ | F24: 375.9
B25: Ứng trong kỳ | F25: 560
B26: Tồn cuối kỳ | F26: =F25+F24-F23 -> 92.9 | K26: 380 | L26: =F26-K26 -> -287.1
F27: Đà Nẵng, ngày 31 tháng 3 năm 2023
B28: Giám đốc | C28: kế toán trưởng | E28: phòng kd vận tải | F28: Lái xe | H28: Người lập
I34: QT.15-BM02a-01/10/2017

Sheet 11394
A1: CÔNG TY CP LOGISTICS CẢNG ĐÀ NẴNG | D1: CỘNG HÒA XÃ HỘI CHỦ NGHĨA VIỆT NAM
A2: PHÒNG TCKT | D2: ĐỘC LẬP - TỰ DO - HẠNH PHÚC
B3: Tháng 3/2023
B4: Họ và tên lái xe: Nguyễn Thế Anh | F4: Biển kiểm soát: 43C 11394
A5: Stt | B5: Tuyến đường | C5: ĐVT | D5: S/L | E5: Định mức | F5: Tiêu hao | G5: Đơn giá | H5: Thành tiền | I5: ghi chú
A6: 1 | B6: Cảng Tiên sa - Lao bảo ( tinh bột sắn) | C6: chuyến | D6: 1 | E6: ='chi tiet xe'!B6 -> 236.52 | F6: =D6*E6 -> 236.52 | G6: 18455.55 | H6: =F6*G6 -> 4365106.7
A7: 2 | B7: Cảng Tiên sa - Lao bảo ( 2 chiều) | C7: chuyến | E7: ='chi tiet xe'!B9 -> 310 | F7: =D7*E7 -> 0 | G7: 20472 | H7: =F7*G7 -> 0
A8: 2 | B8: Cảng Tiên Sa - KCN tăm thăng ( 1 chuyến/ngày) | C8: chuyến | D8: 7 | E8: ='chi tiet xe'!B10 -> 62 | F8: =D8*E8 -> 434 | G8: 18455.55 | H8: =F8*G8 -> 8009708.7
A9: 3 | B9: Cảng Tiên Sa - KCN tăm thăng ( 2 chuyến/ngày) | C9: chuyến | D9: 1 | E9: ='chi tiet xe'!B11 -> 124 | F9: =D9*E9 -> 124 | G9: 18455.55 | H9: =F9*G9 -> 2288488.2
A10: 4 | B10: Cảng Chu Lai - KCN tăm thăng ( 1 chuyến/ngày) | C10: chuyến | D10: 1 | E10: ='chi tiet xe'!B12 -> 27 | F10: =D10*E10 -> 27 | G10: 18455.55 | H10: =F10*G10 -> 498299.85
A11: 2 | B11: Cảng Chu Lai - KCN tăm thăng ( 2 chuyến/ngày) | C11: chuyến | E11: ='chi tiet xe'!B13 -> 50 | F11: =D11*E11 -> 0 | G11: 18455.55 | H11: =F11*G11 -> 0
A12: 4 | B12: Cảng Chu Lai - KCN tăm thăng ( 3 chuyến/ngày) | C12: 2 chuyến | E12: ='chi tiet xe'!B14 -> 75 | F12: =D12*E12 -> 0 | G12: 18455.55 | H12: =F12*G12 -> 0
A13: 3 | B13: dnl - kho công nghệ cao | C13: chuyến | E13: ='chi tiet xe'!B15 -> 29 | F13: =D13*E13 -> 0 | G13: 18455.55 | H13: =F13*G13 -> 0
A14: 5 | B14: kho danalog - Tiên Sa ( hàng giấy xuất ) | C14: chuyến | D14: =16+7 -> 23 | E14: ='chi tiet xe'!B16 -> 7.5 | F14: =D14*E14 -> 172.5 | G14: 18455.55 | H14: =F14*G14 -> 3183582.4
A15: 4 | B15: kho danalog - Tiên Sa ( hàng tinh bột sẵn) | C15: chuyến | E15: ='chi tiet xe'!B17 -> 7.5 | F15: =D15*E15 -> 0 | G15: 18455.55 | H15: =F15*G15 -> 0
A16: 6 | B16: Tiên sa - Danalog, ngươc lại ( cont hàng) | C16: chuyến | D16: =5+4+11 -> 20 | E16: ='chi tiet xe'!B18 -> 7.5 | F16: =D16*E16 -> 150 | G16: 18455.55 | H16: =F16*G16 -> 2768332.5
A17: 7 | B17: Tiên sa - Danalog ( rỗng sang cont) | C17: chuyến | D17: 8 | E17: ='chi tiet xe'!B19 -> 6 | F17: =D17*E17 -> 48 | G17: 18455.55 | H17: =F17*G17 -> 885866.4
A18: 8 | B18: Dnl 1,3,5 - Tiên Sa, ngược lại ( cont rỗng )/ cont 40' | C18: chuyến | D18: =14+13+23+21 -> 71 | E18: ='chi tiet xe'!B20 -> 6 | F18: =D18*E18 -> 426 | G18: 18455.55 | H18: =F18*G18 -> 7862064.3
A19: 5 | B19: tàu - danalog ( cont rỗng ) | C19: chuyến | E19: ='chi tiet xe'!B21 -> 6 | F19: =D19*E19 -> 0 | G19: 18455.55 | H19: =F19*G19 -> 0
A20: 9 | B20: Tàu - bãi cảng tiên sa | C20: chuyến | D20: =23+27+30+28 -> 108 | E20: ='chi tiet xe'!B22 -> 1.4 | F20: =D20*E20 -> 151.2 | G20: 18455.55 | H20: =F20*G20 -> 2790479.2
A21: 10 | B21: dnl đi trả rỗng các bãi | C21: chuyến | D21: 20 | E21: ='chi tiet xe'!B23 -> 6 | F21: =D21*E21 -> 120 | G21: 18455.55 | H21: =F21*G21 -> 2214666
A22: 11 | B22: trung chuyển nội bộ | C22: chuyến | D22: =6+8+8+20+10+17+10+10 -> 89 | E22: ='chi tiet xe'!B24 -> 2 | F22: =D22*E22 -> 178 | G22: 18455.55 | H22: =F22*G22 -> 3285087.9
A23: 12 | B23: Đi xe từ DNL - Chu Lai | C23: chuyến | D23: 1 | E23: ='chi tiet xe'!B25 -> 30 | F23: =D23*E23 -> 30 | G23: 18455.55 | H23: =F23*G23 -> 553666.5
A24: 13 | B24: sửa xe, đăng kiểm | C24: chuyến | D24: 2 | E24: ='chi tiet xe'!B26 -> 10 | F24: =D24*E24 -> 20 | G24: 18455.55 | H24: =F24*G24 -> 369111
A25: 14 | B25: phụ cấp xe đi sữa chữa | F25: 80 | G25: 18455.55 | H25: =F25*G25 -> 1476444
B26: Số lượng tiêu hao | D26: =SUM(D6:D24) -> 352 | F26: =SUM(F6:F25) -> 2197.22 | H26: =SUM(H6:H24) -> 39074460 | I26: =SUM(I6:I15) -> 0
B27: Tồn đầu kỳ | F27: 1406.1
B28: Ứng trong kỳ | F28: 1590
B29: Tồn cuối kỳ | F29: =F28+F27-F26 -> 798.88
F30: Đà Nẵng, ngày 31 tháng 3 năm 2023
B31: Giám đốc | C31: kế toán trưởng | E31: phòng kd vận tải | F31: Lái xe | H31: Người lập
I35: QT.15-BM02a-01/10/2017

Sheet thu tien dau
A6: BẢNG KÊ CHI TIẾT HAO HỤT NHIÊN LIỆU VƯỢT ĐỊNH MỨC
A7: TÍNH ĐẾN 31/3/2023
A9: Stt | B9: Họ Và Tên | C9: Số xe | D9: N/L | E9: N/L | F9: chênh | G9: Đơn giá | H9: Thành tiền | I9: Ký Nộp
D10: Sổ sách | E10: Thực tế | F10: lệch
D11: (lít) | E11: (lít) | F11: (lít) | G11: (đồng)
A12: 1 | B12: Nguyễn Thế Anh | C12: 43C 11394
A13: 1 | B13: Cao Xuân Huy | C13: 43C 22804 | D13: 702.9 | E13: 380 | F13: =D13-E13 -> 322.9 | G13: 18454 | H13: =G13*F13 -> 5958796.6
A14: 3 | B14: Trần Hữu Ninh | C14: 43C 22738
A15: 4 | B15: Hà Khanh | C15: 43C 22838 | D15: 631 | E15: 380 | F15: =D15-E15 -> 251 | G15: 20472000 | H15: =F15*G15 -> 5138472000
A16: 5 | B16: Nguyễn Phước Tuân | C16: 43C 22818 | D16: 603.5 | E16: 380 | F16: =D16-E16 -> 223.5 | G16: 20472000 | H16: =F16*G16 -> 4575492000
A17: 6 | B17: Nguyễn Phước Tuân | C17: 43C 11264 | F17: =D17-E17 -> 0 | G17: 20472000 | H17: =F17*G17 -> 0
A18: 7 | B18: Trần Văn Phước | C18: 43C 22884 | F18: =D18-E18 -> 0 | G18: 20472000 | H18: =F18*G18 -> 0
A19: 8 | B19: Hồ Viết Sáng | C19: 43C 19909 | D19: 412 | E19: 380 | F19: =D19-E19 -> 32 | G19: 20472000 | H19: =F19*G19 -> 655104000
A20: 9 | B20: Huỳnh Xuân Hậu | C20: 43C 02852 | F20: =D20-E20 -> 0 | G20: 20472000 | H20: =F20*G20 -> 0
A21: 10 | B21: Đỗ Hồng Hiệp | C21: 43C 02842 | F21: =D21-E21 -> 0 | G21: 20472000 | H21: =F21*G21 -> 0
A22: 11 | B22: Võ Văn Tâm | C22: 43C 02837 | F22: =D22-E22 -> 0 | G22: 20472000 | H22: =F22*G22 -> 0
A23: 12 | B23: Trần Văn Bình | C23: 43C 02850 | D23: 665.5 | E23: 380 | F23: =D23-E23 -> 285.5 | G23: 20472000 | H23: =F23*G23 -> 5844756000
A24: 13 | B24: Nguyễn Đình Phi | C24: 43C 02789 | D24: 611.7 | E24: 380 | F24: =D24-E24 -> 231.7 | G24: 20472000 | H24: =F24*G24 -> 4743362400
A25: 14 | B25: Nguyễn Đức Tiên | C25: 43C 11202 | D25: 561.2 | E25: 380 | F25: =D25-E25 -> 181.2 | G25: 20472000 | H25: =F25*G25 -> 3709526400
A26: 15 | B26: Nguyễn Hân | C26: 43C 19991 | D26: 405.1 | E26: 380 | F26: =D26-E26 -> 25.1 | G26: 20472000 | H26: =F26*G26 -> 513847200
A27: 16 | B27: Phùng Văn Minh | C27: 43C 00859 | G27: 20472000
A28: 17 | B28: Lê Tấn Sơn | C28: 43C 01190 | G28: 20472000
B31: Tổng Cộng | D31: =D13 -> 702.9 | E31: =E13 -> 380 | F31: =F13 -> 322.9 | H31: =H13 -> 5958796.6
F33: Đà Nẵng, ngày 31 tháng 3 năm 2023
A34: Giám Đốc Kế Toán Trưởng | D34: Đội vận tải | G34: Người lập
